DATAFLOW,LAST UPDATE,freq,c_resid,unit,nace_r2,geo,TIME_PERIOD,OBS_VALUE,OBS_FLAG,CONF_STATUS
ESTAT:TOUR_OCC_NINAT(1.0),30/01/26 23:00:00,Annual,Foreign country,Number,Hotels and similar accommodation,European Union - 27 countries (from 2020),2012,731662295,,
ESTAT:TOUR_OCC_NINAT(1.0),30/01/26 23:00:00,Annual,Foreign country,Number,Hotels and similar accommodation,European Union - 27 countries (from 2020),2013,763965046,,
ESTAT:TOUR_OCC_NINAT(1.0),30/01/26 23:00:00,Annual,Foreign country,Number,Hotels and similar accommodation,European Union - 27 countries (from 2020),2014,783989509,,
ESTAT:TOUR_OCC_NINAT(1.0),30/01/26 23:00:00,Annual,Foreign country,Number,Hotels and similar accommodation,European Union - 27 countries (from 2020),2015,812820626,,
ESTAT:TOUR_OCC_NINAT(1.0),30/01/26 23:00:00,Annual,Foreign country,Number,Hotels and similar accommodation,European Union - 27 countries (from 2020),2016,852319793,,
ESTAT:TOUR_OCC_NINAT(1.0),30/01/26 23:00:00,Annual,Foreign country,Number,Hotels and similar accommodation,European Union - 27 countries (from 2020),2017,902209550,e,
ESTAT:TOUR_OCC_NINAT(1.0),30/01/26 23:00:00,Annual,Foreign country,Number,Hotels and similar accommodation,European Union - 27 countries (from 2020),2018,939403794,e,
ESTAT:TOUR_OCC_NINAT(1.0),30/01/26 23:00:00,Annual,Foreign country,Number,Hotels and similar accommodation,European Union - 27 countries (from 2020),2019,944496609,,
ESTAT:TOUR_OCC_NINAT(1.0),30/01/26 23:00:00,Annual,Foreign country,Number,Hotels and similar accommodation,European Union - 27 countries (from 2020),2020,251534468,,
ESTAT:TOUR_OCC_NINAT(1.0),30/01/26 23:00:00,Annual,Foreign country,Number,Hotels and similar accommodation,European Union - 27 countries (from 2020),2021,362694810,,
ESTAT:TOUR_OCC_NINAT(1.0),30/01/26 23:00:00,Annual,Foreign country,Number,Hotels and similar accommodation,European Union - 27 countries (from 2020),2022,801981187,,
ESTAT:TOUR_OCC_NINAT(1.0),30/01/26 23:00:00,Annual,Foreign country,Number,Hotels and similar accommodation,European Union - 27 countries (from 2020),2023,920805766,,
ESTAT:TOUR_OCC_NINAT(1.0),30/01/26 23:00:00,Annual,Foreign country,Number,Hotels and similar accommodation,European Union - 27 countries (from 2020),2024,972907235,,
ESTAT:TOUR_OCC_NINAT(1.0),30/01/26 23:00:00,Annual,Foreign country,Number,Hotels and similar accommodation,Italy,2012,122700343,,
ESTAT:TOUR_OCC_NINAT(1.0),30/01/26 23:00:00,Annual,Foreign country,Number,Hotels and similar accommodation,Italy,2013,126330288,,
ESTAT:TOUR_OCC_NINAT(1.0),30/01/26 23:00:00,Annual,Foreign country,Number,Hotels and similar accommodation,Italy,2014,127373740,,
ESTAT:TOUR_OCC_NINAT(1.0),30/01/26 23:00:00,Annual,Foreign country,Number,Hotels and similar accommodation,Italy,2015,129691791,,
ESTAT:TOUR_OCC_NINAT(1.0),30/01/26 23:00:00,Annual,Foreign country,Number,Hotels and similar accommodation,Italy,2016,131988707,,
ESTAT:TOUR_OCC_NINAT(1.0),30/01/26 23:00:00,Annual,Foreign country,Number,Hotels and similar accommodation,Italy,2017,136114096,,
ESTAT:TOUR_OCC_NINAT(1.0),30/01/26 23:00:00,Annual,Foreign country,Number,Hotels and similar accommodation,Italy,2018,139276433,,
ESTAT:TOUR_OCC_NINAT(1.0),30/01/26 23:00:00,Annual,Foreign country,Number,Hotels and similar accommodation,Italy,2019,140561131,,
ESTAT:TOUR_OCC_NINAT(1.0),30/01/26 23:00:00,Annual,Foreign country,Number,Hotels and similar accommodation,Italy,2020,37631672,,
ESTAT:TOUR_OCC_NINAT(1.0),30/01/26 23:00:00,Annual,Foreign country,Number,Hotels and similar accommodation,Italy,2021,56539456,,
ESTAT:TOUR_OCC_NINAT(1.0),30/01/26 23:00:00,Annual,Foreign country,Number,Hotels and similar accommodation,Italy,2022,117538868,,
ESTAT:TOUR_OCC_NINAT(1.0),30/01/26 23:00:00,Annual,Foreign country,Number,Hotels and similar accommodation,Italy,2023,139243478,,
ESTAT:TOUR_OCC_NINAT(1.0),30/01/26 23:00:00,Annual,Foreign country,Number,Hotels and similar accommodation,Italy,2024,149192923,,
ESTAT:TOUR_OCC_NINAT(1.0),30/01/26 23:00:00,Annual,Foreign country,Number,"Hotels; holiday and other short-stay accommodation; camping grounds, recreational vehicle parks and trailer parks",European Union - 27 countries (from 2020),2012,1028103295,,
ESTAT:TOUR_OCC_NINAT(1.0),30/01/26 23:00:00,Annual,Foreign country,Number,"Hotels; holiday and other short-stay accommodation; camping grounds, recreational vehicle parks and trailer parks",European Union - 27 countries (from 2020),2013,1073638692,,
ESTAT:TOUR_OCC_NINAT(1.0),30/01/26 23:00:00,Annual,Foreign country,Number,"Hotels; holiday and other short-stay accommodation; camping grounds, recreational vehicle parks and trailer parks",European Union - 27 countries (from 2020),2014,1107272985,,
ESTAT:TOUR_OCC_NINAT(1.0),30/01/26 23:00:00,Annual,Foreign country,Number,"Hotels; holiday and other short-stay accommodation; camping grounds, recreational vehicle parks and trailer parks",European Union - 27 countries (from 2020),2015,1153634205,,
ESTAT:TOUR_OCC_NINAT(1.0),30/01/26 23:00:00,Annual,Foreign country,Number,"Hotels; holiday and other short-stay accommodation; camping grounds, recreational vehicle parks and trailer parks",European Union - 27 countries (from 2020),2016,1212747965,,
ESTAT:TOUR_OCC_NINAT(1.0),30/01/26 23:00:00,Annual,Foreign country,Number,"Hotels; holiday and other short-stay accommodation; camping grounds, recreational vehicle parks and trailer parks",European Union - 27 countries (from 2020),2017,1292346057,e,
ESTAT:TOUR_OCC_NINAT(1.0),30/01/26 23:00:00,Annual,Foreign country,Number,"Hotels; holiday and other short-stay accommodation; camping grounds, recreational vehicle parks and trailer parks",European Union - 27 countries (from 2020),2018,1344089315,e,
ESTAT:TOUR_OCC_NINAT(1.0),30/01/26 23:00:00,Annual,Foreign country,Number,"Hotels; holiday and other short-stay accommodation; camping grounds, recreational vehicle parks and trailer parks",European Union - 27 countries (from 2020),2019,1360265359,,
ESTAT:TOUR_OCC_NINAT(1.0),30/01/26 23:00:00,Annual,Foreign country,Number,"Hotels; holiday and other short-stay accommodation; camping grounds, recreational vehicle parks and trailer parks",European Union - 27 countries (from 2020),2020,412580610,,
ESTAT:TOUR_OCC_NINAT(1.0),30/01/26 23:00:00,Annual,Foreign country,Number,"Hotels; holiday and other short-stay accommodation; camping grounds, recreational vehicle parks and trailer parks",European Union - 27 countries (from 2020),2021,587912376,,
ESTAT:TOUR_OCC_NINAT(1.0),30/01/26 23:00:00,Annual,Foreign country,Number,"Hotels; holiday and other short-stay accommodation; camping grounds, recreational vehicle parks and trailer parks",European Union - 27 countries (from 2020),2022,1211269871,,
ESTAT:TOUR_OCC_NINAT(1.0),30/01/26 23:00:00,Annual,Foreign country,Number,"Hotels; holiday and other short-stay accommodation; camping grounds, recreational vehicle parks and trailer parks",European Union - 27 countries (from 2020),2023,1376610852,,
ESTAT:TOUR_OCC_NINAT(1.0),30/01/26 23:00:00,Annual,Foreign country,Number,"Hotels; holiday and other short-stay accommodation; camping grounds, recreational vehicle parks and trailer parks",European Union - 27 countries (from 2020),2024,1452092245,,
ESTAT:TOUR_OCC_NINAT(1.0),30/01/26 23:00:00,Annual,Foreign country,Number,"Hotels; holiday and other short-stay accommodation; camping grounds, recreational vehicle parks and trailer parks",Italy,2012,180594988,,
ESTAT:TOUR_OCC_NINAT(1.0),30/01/26 23:00:00,Annual,Foreign country,Number,"Hotels; holiday and other short-stay accommodation; camping grounds, recreational vehicle parks and trailer parks",Italy,2013,184793382,,
ESTAT:TOUR_OCC_NINAT(1.0),30/01/26 23:00:00,Annual,Foreign country,Number,"Hotels; holiday and other short-stay accommodation; camping grounds, recreational vehicle parks and trailer parks",Italy,2014,186792507,,
ESTAT:TOUR_OCC_NINAT(1.0),30/01/26 23:00:00,Annual,Foreign country,Number,"Hotels; holiday and other short-stay accommodation; camping grounds, recreational vehicle parks and trailer parks",Italy,2015,192625026,,
ESTAT:TOUR_OCC_NINAT(1.0),30/01/26 23:00:00,Annual,Foreign country,Number,"Hotels; holiday and other short-stay accommodation; camping grounds, recreational vehicle parks and trailer parks",Italy,2016,199421814,,
ESTAT:TOUR_OCC_NINAT(1.0),30/01/26 23:00:00,Annual,Foreign country,Number,"Hotels; holiday and other short-stay accommodation; camping grounds, recreational vehicle parks and trailer parks",Italy,2017,210658786,,
ESTAT:TOUR_OCC_NINAT(1.0),30/01/26 23:00:00,Annual,Foreign country,Number,"Hotels; holiday and other short-stay accommodation; camping grounds, recreational vehicle parks and trailer parks",Italy,2018,216510546,,
ESTAT:TOUR_OCC_NINAT(1.0),30/01/26 23:00:00,Annual,Foreign country,Number,"Hotels; holiday and other short-stay accommodation; camping grounds, recreational vehicle parks and trailer parks",Italy,2019,220662684,,
ESTAT:TOUR_OCC_NINAT(1.0),30/01/26 23:00:00,Annual,Foreign country,Number,"Hotels; holiday and other short-stay accommodation; camping grounds, recreational vehicle parks and trailer parks",Italy,2020,65443607,,
ESTAT:TOUR_OCC_NINAT(1.0),30/01/26 23:00:00,Annual,Foreign country,Number,"Hotels; holiday and other short-stay accommodation; camping grounds, recreational vehicle parks and trailer parks",Italy,2021,106123175,,
ESTAT:TOUR_OCC_NINAT(1.0),30/01/26 23:00:00,Annual,Foreign country,Number,"Hotels; holiday and other short-stay accommodation; camping grounds, recreational vehicle parks and trailer parks",Italy,2022,201069434,,
ESTAT:TOUR_OCC_NINAT(1.0),30/01/26 23:00:00,Annual,Foreign country,Number,"Hotels; holiday and other short-stay accommodation; camping grounds, recreational vehicle parks and trailer parks",Italy,2023,234182255,,
ESTAT:TOUR_OCC_NINAT(1.0),30/01/26 23:00:00,Annual,Foreign country,Number,"Hotels; holiday and other short-stay accommodation; camping grounds, recreational vehicle parks and trailer parks",Italy,2024,253948443,,
ESTAT:TOUR_OCC_NINAT(1.0),30/01/26 23:00:00,Annual,Foreign country,Number,Holiday and other short-stay accommodation,European Union - 27 countries (from 2020),2012,179561171,b,
ESTAT:TOUR_OCC_NINAT(1.0),30/01/26 23:00:00,Annual,Foreign country,Number,Holiday and other short-stay accommodation,European Union - 27 countries (from 2020),2013,189703526,,
ESTAT:TOUR_OCC_NINAT(1.0),30/01/26 23:00:00,Annual,Foreign country,Number,Holiday and other short-stay accommodation,European Union - 27 countries (from 2020),2014,203390499,,
ESTAT:TOUR_OCC_NINAT(1.0),30/01/26 23:00:00,Annual,Foreign country,Number,Holiday and other short-stay accommodation,European Union - 27 countries (from 2020),2015,217903102,,
ESTAT:TOUR_OCC_NINAT(1.0),30/01/26 23:00:00,Annual,Foreign country,Number,Holiday and other short-stay accommodation,European Union - 27 countries (from 2020),2016,233829980,,
ESTAT:TOUR_OCC_NINAT(1.0),30/01/26 23:00:00,Annual,Foreign country,Number,Holiday and other short-stay accommodation,European Union - 27 countries (from 2020),2017,254921856,e,
ESTAT:TOUR_OCC_NINAT(1.0),30/01/26 23:00:00,Annual,Foreign country,Number,Holiday and other short-stay accommodation,European Union - 27 countries (from 2020),2018,265842274,e,
ESTAT:TOUR_OCC_NINAT(1.0),30/01/26 23:00:00,Annual,Foreign country,Number,Holiday and other short-stay accommodation,European Union - 27 countries (from 2020),2019,275851859,,
ESTAT:TOUR_OCC_NINAT(1.0),30/01/26 23:00:00,Annual,Foreign country,Number,Holiday and other short-stay accommodation,European Union - 27 countries (from 2020),2020,101183504,,
ESTAT:TOUR_OCC_NINAT(1.0),30/01/26 23:00:00,Annual,Foreign country,Number,Holiday and other short-stay accommodation,European Union - 27 countries (from 2020),2021,135867032,,
ESTAT:TOUR_OCC_NINAT(1.0),30/01/26 23:00:00,Annual,Foreign country,Number,Holiday and other short-stay accommodation,European Union - 27 countries (from 2020),2022,265150155,,
ESTAT:TOUR_OCC_NINAT(1.0),30/01/26 23:00:00,Annual,Foreign country,Number,Holiday and other short-stay accommodation,European Union - 27 countries (from 2020),2023,301198690,,
ESTAT:TOUR_OCC_NINAT(1.0),30/01/26 23:00:00,Annual,Foreign country,Number,Holiday and other short-stay accommodation,European Union - 27 countries (from 2020),2024,320157012,,
ESTAT:TOUR_OCC_NINAT(1.0),30/01/26 23:00:00,Annual,Foreign country,Number,Holiday and other short-stay accommodation,Italy,2012,32151653,b,
ESTAT:TOUR_OCC_NINAT(1.0),30/01/26 23:00:00,Annual,Foreign country,Number,Holiday and other short-stay accommodation,Italy,2013,33105024,,
ESTAT:TOUR_OCC_NINAT(1.0),30/01/26 23:00:00,Annual,Foreign country,Number,Holiday and other short-stay accommodation,Italy,2014,34069260,,
ESTAT:TOUR_OCC_NINAT(1.0),30/01/26 23:00:00,Annual,Foreign country,Number,Holiday and other short-stay accommodation,Italy,2015,37643614,,
ESTAT:TOUR_OCC_NINAT(1.0),30/01/26 23:00:00,Annual,Foreign country,Number,Holiday and other short-stay accommodation,Italy,2016,40741630,,
ESTAT:TOUR_OCC_NINAT(1.0),30/01/26 23:00:00,Annual,Foreign country,Number,Holiday and other short-stay accommodation,Italy,2017,45969645,,
ESTAT:TOUR_OCC_NINAT(1.0),30/01/26 23:00:00,Annual,Foreign country,Number,Holiday and other short-stay accommodation,Italy,2018,49519854,,
ESTAT:TOUR_OCC_NINAT(1.0),30/01/26 23:00:00,Annual,Foreign country,Number,Holiday and other short-stay accommodation,Italy,2019,52987666,,
ESTAT:TOUR_OCC_NINAT(1.0),30/01/26 23:00:00,Annual,Foreign country,Number,Holiday and other short-stay accommodation,Italy,2020,17252852,,
ESTAT:TOUR_OCC_NINAT(1.0),30/01/26 23:00:00,Annual,Foreign country,Number,Holiday and other short-stay accommodation,Italy,2021,28934633,,
ESTAT:TOUR_OCC_NINAT(1.0),30/01/26 23:00:00,Annual,Foreign country,Number,Holiday and other short-stay accommodation,Italy,2022,54707450,,
ESTAT:TOUR_OCC_NINAT(1.0),30/01/26 23:00:00,Annual,Foreign country,Number,Holiday and other short-stay accommodation,Italy,2023,65026598,,
ESTAT:TOUR_OCC_NINAT(1.0),30/01/26 23:00:00,Annual,Foreign country,Number,Holiday and other short-stay accommodation,Italy,2024,74152177,,
ESTAT:TOUR_OCC_NINAT(1.0),30/01/26 23:00:00,Annual,Foreign country,Number,"Holiday and other short-stay accommodation; camping grounds, recreational vehicle parks and trailer parks",European Union - 27 countries (from 2020),2012,296440999,b,
ESTAT:TOUR_OCC_NINAT(1.0),30/01/26 23:00:00,Annual,Foreign country,Number,"Holiday and other short-stay accommodation; camping grounds, recreational vehicle parks and trailer parks",European Union - 27 countries (from 2020),2013,309673646,,
ESTAT:TOUR_OCC_NINAT(1.0),30/01/26 23:00:00,Annual,Foreign country,Number,"Holiday and other short-stay accommodation; camping grounds, recreational vehicle parks and trailer parks",European Union - 27 countries (from 2020),2014,323283477,,
ESTAT:TOUR_OCC_NINAT(1.0),30/01/26 23:00:00,Annual,Foreign country,Number,"Holiday and other short-stay accommodation; camping grounds, recreational vehicle parks and trailer parks",European Union - 27 countries (from 2020),2015,340813578,,
ESTAT:TOUR_OCC_NINAT(1.0),30/01/26 23:00:00,Annual,Foreign country,Number,"Holiday and other short-stay accommodation; camping grounds, recreational vehicle parks and trailer parks",European Union - 27 countries (from 2020),2016,360428172,,
ESTAT:TOUR_OCC_NINAT(1.0),30/01/26 23:00:00,Annual,Foreign country,Number,"Holiday and other short-stay accommodation; camping grounds, recreational vehicle parks and trailer parks",European Union - 27 countries (from 2020),2017,390136505,e,
ESTAT:TOUR_OCC_NINAT(1.0),30/01/26 23:00:00,Annual,Foreign country,Number,"Holiday and other short-stay accommodation; camping grounds, recreational vehicle parks and trailer parks",European Union - 27 countries (from 2020),2018,404685521,e,
ESTAT:TOUR_OCC_NINAT(1.0),30/01/26 23:00:00,Annual,Foreign country,Number,"Holiday and other short-stay accommodation; camping grounds, recreational vehicle parks and trailer parks",European Union - 27 countries (from 2020),2019,415768751,,
ESTAT:TOUR_OCC_NINAT(1.0),30/01/26 23:00:00,Annual,Foreign country,Number,"Holiday and other short-stay accommodation; camping grounds, recreational vehicle parks and trailer parks",European Union - 27 countries (from 2020),2020,161046142,,
ESTAT:TOUR_OCC_NINAT(1.0),30/01/26 23:00:00,Annual,Foreign country,Number,"Holiday and other short-stay accommodation; camping grounds, recreational vehicle parks and trailer parks",European Union - 27 countries (from 2020),2021,225217566,,
ESTAT:TOUR_OCC_NINAT(1.0),30/01/26 23:00:00,Annual,Foreign country,Number,"Holiday and other short-stay accommodation; camping grounds, recreational vehicle parks and trailer parks",European Union - 27 countries (from 2020),2022,409288684,,
ESTAT:TOUR_OCC_NINAT(1.0),30/01/26 23:00:00,Annual,Foreign country,Number,"Holiday and other short-stay accommodation; camping grounds, recreational vehicle parks and trailer parks",European Union - 27 countries (from 2020),2023,455805087,,
ESTAT:TOUR_OCC_NINAT(1.0),30/01/26 23:00:00,Annual,Foreign country,Number,"Holiday and other short-stay accommodation; camping grounds, recreational vehicle parks and trailer parks",European Union - 27 countries (from 2020),2024,479185010,,
ESTAT:TOUR_OCC_NINAT(1.0),30/01/26 23:00:00,Annual,Foreign country,Number,"Holiday and other short-stay accommodation; camping grounds, recreational vehicle parks and trailer parks",Italy,2012,57894645,b,
ESTAT:TOUR_OCC_NINAT(1.0),30/01/26 23:00:00,Annual,Foreign country,Number,"Holiday and other short-stay accommodation; camping grounds, recreational vehicle parks and trailer parks",Italy,2013,58463094,,
ESTAT:TOUR_OCC_NINAT(1.0),30/01/26 23:00:00,Annual,Foreign country,Number,"Holiday and other short-stay accommodation; camping grounds, recreational vehicle parks and trailer parks",Italy,2014,59418767,,
ESTAT:TOUR_OCC_NINAT(1.0),30/01/26 23:00:00,Annual,Foreign country,Number,"Holiday and other short-stay accommodation; camping grounds, recreational vehicle parks and trailer parks",Italy,2015,62933235,,
ESTAT:TOUR_OCC_NINAT(1.0),30/01/26 23:00:00,Annual,Foreign country,Number,"Holiday and other short-stay accommodation; camping grounds, recreational vehicle parks and trailer parks",Italy,2016,67433107,,
ESTAT:TOUR_OCC_NINAT(1.0),30/01/26 23:00:00,Annual,Foreign country,Number,"Holiday and other short-stay accommodation; camping grounds, recreational vehicle parks and trailer parks",Italy,2017,74544690,,
ESTAT:TOUR_OCC_NINAT(1.0),30/01/26 23:00:00,Annual,Foreign country,Number,"Holiday and other short-stay accommodation; camping grounds, recreational vehicle parks and trailer parks",Italy,2018,77234113,,
ESTAT:TOUR_OCC_NINAT(1.0),30/01/26 23:00:00,Annual,Foreign country,Number,"Holiday and other short-stay accommodation; camping grounds, recreational vehicle parks and trailer parks",Italy,2019,80101553,,
ESTAT:TOUR_OCC_NINAT(1.0),30/01/26 23:00:00,Annual,Foreign country,Number,"Holiday and other short-stay accommodation; camping grounds, recreational vehicle parks and trailer parks",Italy,2020,27811935,,
ESTAT:TOUR_OCC_NINAT(1.0),30/01/26 23:00:00,Annual,Foreign country,Number,"Holiday and other short-stay accommodation; camping grounds, recreational vehicle parks and trailer parks",Italy,2021,49583719,,
ESTAT:TOUR_OCC_NINAT(1.0),30/01/26 23:00:00,Annual,Foreign country,Number,"Holiday and other short-stay accommodation; camping grounds, recreational vehicle parks and trailer parks",Italy,2022,83530566,,
ESTAT:TOUR_OCC_NINAT(1.0),30/01/26 23:00:00,Annual,Foreign country,Number,"Holiday and other short-stay accommodation; camping grounds, recreational vehicle parks and trailer parks",Italy,2023,94938777,,
ESTAT:TOUR_OCC_NINAT(1.0),30/01/26 23:00:00,Annual,Foreign country,Number,"Holiday and other short-stay accommodation; camping grounds, recreational vehicle parks and trailer parks",Italy,2024,104755520,,
ESTAT:TOUR_OCC_NINAT(1.0),30/01/26 23:00:00,Annual,Foreign country,Number,"Camping grounds, recreational vehicle parks and trailer parks",European Union - 27 countries (from 2020),2012,116879829,b,
ESTAT:TOUR_OCC_NINAT(1.0),30/01/26 23:00:00,Annual,Foreign country,Number,"Camping grounds, recreational vehicle parks and trailer parks",European Union - 27 countries (from 2020),2013,119970121,,
ESTAT:TOUR_OCC_NINAT(1.0),30/01/26 23:00:00,Annual,Foreign country,Number,"Camping grounds, recreational vehicle parks and trailer parks",European Union - 27 countries (from 2020),2014,119892978,,
ESTAT:TOUR_OCC_NINAT(1.0),30/01/26 23:00:00,Annual,Foreign country,Number,"Camping grounds, recreational vehicle parks and trailer parks",European Union - 27 countries (from 2020),2015,122910476,,
ESTAT:TOUR_OCC_NINAT(1.0),30/01/26 23:00:00,Annual,Foreign country,Number,"Camping grounds, recreational vehicle parks and trailer parks",European Union - 27 countries (from 2020),2016,126598192,,
ESTAT:TOUR_OCC_NINAT(1.0),30/01/26 23:00:00,Annual,Foreign country,Number,"Camping grounds, recreational vehicle parks and trailer parks",European Union - 27 countries (from 2020),2017,135214649,e,
ESTAT:TOUR_OCC_NINAT(1.0),30/01/26 23:00:00,Annual,Foreign country,Number,"Camping grounds, recreational vehicle parks and trailer parks",European Union - 27 countries (from 2020),2018,138843247,e,
ESTAT:TOUR_OCC_NINAT(1.0),30/01/26 23:00:00,Annual,Foreign country,Number,"Camping grounds, recreational vehicle parks and trailer parks",European Union - 27 countries (from 2020),2019,139916892,,
ESTAT:TOUR_OCC_NINAT(1.0),30/01/26 23:00:00,Annual,Foreign country,Number,"Camping grounds, recreational vehicle parks and trailer parks",European Union - 27 countries (from 2020),2020,59862638,,
ESTAT:TOUR_OCC_NINAT(1.0),30/01/26 23:00:00,Annual,Foreign country,Number,"Camping grounds, recreational vehicle parks and trailer parks",European Union - 27 countries (from 2020),2021,89350534,,
ESTAT:TOUR_OCC_NINAT(1.0),30/01/26 23:00:00,Annual,Foreign country,Number,"Camping grounds, recreational vehicle parks and trailer parks",European Union - 27 countries (from 2020),2022,144138529,,
ESTAT:TOUR_OCC_NINAT(1.0),30/01/26 23:00:00,Annual,Foreign country,Number,"Camping grounds, recreational vehicle parks and trailer parks",European Union - 27 countries (from 2020),2023,154606397,,
ESTAT:TOUR_OCC_NINAT(1.0),30/01/26 23:00:00,Annual,Foreign country,Number,"Camping grounds, recreational vehicle parks and trailer parks",European Union - 27 countries (from 2020),2024,159027998,,
ESTAT:TOUR_OCC_NINAT(1.0),30/01/26 23:00:00,Annual,Foreign country,Number,"Camping grounds, recreational vehicle parks and trailer parks",Italy,2012,25742992,b,
ESTAT:TOUR_OCC_NINAT(1.0),30/01/26 23:00:00,Annual,Foreign country,Number,"Camping grounds, recreational vehicle parks and trailer parks",Italy,2013,25358070,,
ESTAT:TOUR_OCC_NINAT(1.0),30/01/26 23:00:00,Annual,Foreign country,Number,"Camping grounds, recreational vehicle parks and trailer parks",Italy,2014,25349507,,
ESTAT:TOUR_OCC_NINAT(1.0),30/01/26 23:00:00,Annual,Foreign country,Number,"Camping grounds, recreational vehicle parks and trailer parks",Italy,2015,25289621,,
ESTAT:TOUR_OCC_NINAT(1.0),30/01/26 23:00:00,Annual,Foreign country,Number,"Camping grounds, recreational vehicle parks and trailer parks",Italy,2016,26691477,,
ESTAT:TOUR_OCC_NINAT(1.0),30/01/26 23:00:00,Annual,Foreign country,Number,"Camping grounds, recreational vehicle parks and trailer parks",Italy,2017,28575045,,
ESTAT:TOUR_OCC_NINAT(1.0),30/01/26 23:00:00,Annual,Foreign country,Number,"Camping grounds, recreational vehicle parks and trailer parks",Italy,2018,27714259,,
ESTAT:TOUR_OCC_NINAT(1.0),30/01/26 23:00:00,Annual,Foreign country,Number,"Camping grounds, recreational vehicle parks and trailer parks",Italy,2019,27113887,,
ESTAT:TOUR_OCC_NINAT(1.0),30/01/26 23:00:00,Annual,Foreign country,Number,"Camping grounds, recreational vehicle parks and trailer parks",Italy,2020,10559083,,
ESTAT:TOUR_OCC_NINAT(1.0),30/01/26 23:00:00,Annual,Foreign country,Number,"Camping grounds, recreational vehicle parks and trailer parks",Italy,2021,20649086,,
ESTAT:TOUR_OCC_NINAT(1.0),30/01/26 23:00:00,Annual,Foreign country,Number,"Camping grounds, recreational vehicle parks and trailer parks",Italy,2022,28823116,,
ESTAT:TOUR_OCC_NINAT(1.0),30/01/26 23:00:00,Annual,Foreign country,Number,"Camping grounds, recreational vehicle parks and trailer parks",Italy,2023,29912179,,
ESTAT:TOUR_OCC_NINAT(1.0),30/01/26 23:00:00,Annual,Foreign country,Number,"Camping grounds, recreational vehicle parks and trailer parks",Italy,2024,30603343,,
ESTAT:TOUR_OCC_NINAT(1.0),30/01/26 23:00:00,Annual,Total,Number,Hotels and similar accommodation,European Union - 27 countries (from 2020),2012,1495396257,,
ESTAT:TOUR_OCC_NINAT(1.0),30/01/26 23:00:00,Annual,Total,Number,Hotels and similar accommodation,European Union - 27 countries (from 2020),2013,1526620212,,
ESTAT:TOUR_OCC_NINAT(1.0),30/01/26 23:00:00,Annual,Total,Number,Hotels and similar accommodation,European Union - 27 countries (from 2020),2014,1560279981,,
ESTAT:TOUR_OCC_NINAT(1.0),30/01/26 23:00:00,Annual,Total,Number,Hotels and similar accommodation,European Union - 27 countries (from 2020),2015,1620327189,,
ESTAT:TOUR_OCC_NINAT(1.0),30/01/26 23:00:00,Annual,Total,Number,Hotels and similar accommodation,European Union - 27 countries (from 2020),2016,1688975885,,
ESTAT:TOUR_OCC_NINAT(1.0),30/01/26 23:00:00,Annual,Total,Number,Hotels and similar accommodation,European Union - 27 countries (from 2020),2017,1765044425,e,
ESTAT:TOUR_OCC_NINAT(1.0),30/01/26 23:00:00,Annual,Total,Number,Hotels and similar accommodation,European Union - 27 countries (from 2020),2018,1823751216,e,
ESTAT:TOUR_OCC_NINAT(1.0),30/01/26 23:00:00,Annual,Total,Number,Hotels and similar accommodation,European Union - 27 countries (from 2020),2019,1855029070,,
ESTAT:TOUR_OCC_NINAT(1.0),30/01/26 23:00:00,Annual,Total,Number,Hotels and similar accommodation,European Union - 27 countries (from 2020),2020,795014048,,
ESTAT:TOUR_OCC_NINAT(1.0),30/01/26 23:00:00,Annual,Total,Number,Hotels and similar accommodation,European Union - 27 countries (from 2020),2021,1039809007,,
ESTAT:TOUR_OCC_NINAT(1.0),30/01/26 23:00:00,Annual,Total,Number,Hotels and similar accommodation,European Union - 27 countries (from 2020),2022,1701889214,,
ESTAT:TOUR_OCC_NINAT(1.0),30/01/26 23:00:00,Annual,Total,Number,Hotels and similar accommodation,European Union - 27 countries (from 2020),2023,1842188810,,
ESTAT:TOUR_OCC_NINAT(1.0),30/01/26 23:00:00,Annual,Total,Number,Hotels and similar accommodation,European Union - 27 countries (from 2020),2024,1897527175,,
ESTAT:TOUR_OCC_NINAT(1.0),30/01/26 23:00:00,Annual,Total,Number,Hotels and similar accommodation,Italy,2012,255610143,,
ESTAT:TOUR_OCC_NINAT(1.0),30/01/26 23:00:00,Annual,Total,Number,Hotels and similar accommodation,Italy,2013,254759348,,
ESTAT:TOUR_OCC_NINAT(1.0),30/01/26 23:00:00,Annual,Total,Number,Hotels and similar accommodation,Italy,2014,254941435,,
ESTAT:TOUR_OCC_NINAT(1.0),30/01/26 23:00:00,Annual,Total,Number,Hotels and similar accommodation,Italy,2015,263009954,,
ESTAT:TOUR_OCC_NINAT(1.0),30/01/26 23:00:00,Annual,Total,Number,Hotels and similar accommodation,Italy,2016,267675213,,
ESTAT:TOUR_OCC_NINAT(1.0),30/01/26 23:00:00,Annual,Total,Number,Hotels and similar accommodation,Italy,2017,275133547,,
ESTAT:TOUR_OCC_NINAT(1.0),30/01/26 23:00:00,Annual,Total,Number,Hotels and similar accommodation,Italy,2018,279470236,,
ESTAT:TOUR_OCC_NINAT(1.0),30/01/26 23:00:00,Annual,Total,Number,Hotels and similar accommodation,Italy,2019,280937897,,
ESTAT:TOUR_OCC_NINAT(1.0),30/01/26 23:00:00,Annual,Total,Number,Hotels and similar accommodation,Italy,2020,123266144,,
ESTAT:TOUR_OCC_NINAT(1.0),30/01/26 23:00:00,Annual,Total,Number,Hotels and similar accommodation,Italy,2021,169536228,,
ESTAT:TOUR_OCC_NINAT(1.0),30/01/26 23:00:00,Annual,Total,Number,Hotels and similar accommodation,Italy,2022,252663840,,
ESTAT:TOUR_OCC_NINAT(1.0),30/01/26 23:00:00,Annual,Total,Number,Hotels and similar accommodation,Italy,2023,275360996,,
ESTAT:TOUR_OCC_NINAT(1.0),30/01/26 23:00:00,Annual,Total,Number,Hotels and similar accommodation,Italy,2024,283910717,,
ESTAT:TOUR_OCC_NINAT(1.0),30/01/26 23:00:00,Annual,Total,Number,"Hotels; holiday and other short-stay accommodation; camping grounds, recreational vehicle parks and trailer parks",European Union - 27 countries (from 2020),2012,2282244186,,
ESTAT:TOUR_OCC_NINAT(1.0),30/01/26 23:00:00,Annual,Total,Number,"Hotels; holiday and other short-stay accommodation; camping grounds, recreational vehicle parks and trailer parks",European Union - 27 countries (from 2020),2013,2330570849,,
ESTAT:TOUR_OCC_NINAT(1.0),30/01/26 23:00:00,Annual,Total,Number,"Hotels; holiday and other short-stay accommodation; camping grounds, recreational vehicle parks and trailer parks",European Union - 27 countries (from 2020),2014,2385679467,,
ESTAT:TOUR_OCC_NINAT(1.0),30/01/26 23:00:00,Annual,Total,Number,"Hotels; holiday and other short-stay accommodation; camping grounds, recreational vehicle parks and trailer parks",European Union - 27 countries (from 2020),2015,2486255255,,
ESTAT:TOUR_OCC_NINAT(1.0),30/01/26 23:00:00,Annual,Total,Number,"Hotels; holiday and other short-stay accommodation; camping grounds, recreational vehicle parks and trailer parks",European Union - 27 countries (from 2020),2016,2586019709,,
ESTAT:TOUR_OCC_NINAT(1.0),30/01/26 23:00:00,Annual,Total,Number,"Hotels; holiday and other short-stay accommodation; camping grounds, recreational vehicle parks and trailer parks",European Union - 27 countries (from 2020),2017,2718947476,e,
ESTAT:TOUR_OCC_NINAT(1.0),30/01/26 23:00:00,Annual,Total,Number,"Hotels; holiday and other short-stay accommodation; camping grounds, recreational vehicle parks and trailer parks",European Union - 27 countries (from 2020),2018,2811091847,e,
ESTAT:TOUR_OCC_NINAT(1.0),30/01/26 23:00:00,Annual,Total,Number,"Hotels; holiday and other short-stay accommodation; camping grounds, recreational vehicle parks and trailer parks",European Union - 27 countries (from 2020),2019,2875121058,,
ESTAT:TOUR_OCC_NINAT(1.0),30/01/26 23:00:00,Annual,Total,Number,"Hotels; holiday and other short-stay accommodation; camping grounds, recreational vehicle parks and trailer parks",European Union - 27 countries (from 2020),2020,1422096254,e,
ESTAT:TOUR_OCC_NINAT(1.0),30/01/26 23:00:00,Annual,Total,Number,"Hotels; holiday and other short-stay accommodation; camping grounds, recreational vehicle parks and trailer parks",European Union - 27 countries (from 2020),2021,1833618994,,
ESTAT:TOUR_OCC_NINAT(1.0),30/01/26 23:00:00,Annual,Total,Number,"Hotels; holiday and other short-stay accommodation; camping grounds, recreational vehicle parks and trailer parks",European Union - 27 countries (from 2020),2022,2754886917,,
ESTAT:TOUR_OCC_NINAT(1.0),30/01/26 23:00:00,Annual,Total,Number,"Hotels; holiday and other short-stay accommodation; camping grounds, recreational vehicle parks and trailer parks",European Union - 27 countries (from 2020),2023,2943247398,,
ESTAT:TOUR_OCC_NINAT(1.0),30/01/26 23:00:00,Annual,Total,Number,"Hotels; holiday and other short-stay accommodation; camping grounds, recreational vehicle parks and trailer parks",European Union - 27 countries (from 2020),2024,3021780365,,
ESTAT:TOUR_OCC_NINAT(1.0),30/01/26 23:00:00,Annual,Total,Number,"Hotels; holiday and other short-stay accommodation; camping grounds, recreational vehicle parks and trailer parks",Italy,2012,380711483,,
ESTAT:TOUR_OCC_NINAT(1.0),30/01/26 23:00:00,Annual,Total,Number,"Hotels; holiday and other short-stay accommodation; camping grounds, recreational vehicle parks and trailer parks",Italy,2013,376785615,,
ESTAT:TOUR_OCC_NINAT(1.0),30/01/26 23:00:00,Annual,Total,Number,"Hotels; holiday and other short-stay accommodation; camping grounds, recreational vehicle parks and trailer parks",Italy,2014,377770806,,
ESTAT:TOUR_OCC_NINAT(1.0),30/01/26 23:00:00,Annual,Total,Number,"Hotels; holiday and other short-stay accommodation; camping grounds, recreational vehicle parks and trailer parks",Italy,2015,392874070,,
ESTAT:TOUR_OCC_NINAT(1.0),30/01/26 23:00:00,Annual,Total,Number,"Hotels; holiday and other short-stay accommodation; camping grounds, recreational vehicle parks and trailer parks",Italy,2016,402962113,,
ESTAT:TOUR_OCC_NINAT(1.0),30/01/26 23:00:00,Annual,Total,Number,"Hotels; holiday and other short-stay accommodation; camping grounds, recreational vehicle parks and trailer parks",Italy,2017,420629155,,
ESTAT:TOUR_OCC_NINAT(1.0),30/01/26 23:00:00,Annual,Total,Number,"Hotels; holiday and other short-stay accommodation; camping grounds, recreational vehicle parks and trailer parks",Italy,2018,428844937,,
ESTAT:TOUR_OCC_NINAT(1.0),30/01/26 23:00:00,Annual,Total,Number,"Hotels; holiday and other short-stay accommodation; camping grounds, recreational vehicle parks and trailer parks",Italy,2019,436739271,,
ESTAT:TOUR_OCC_NINAT(1.0),30/01/26 23:00:00,Annual,Total,Number,"Hotels; holiday and other short-stay accommodation; camping grounds, recreational vehicle parks and trailer parks",Italy,2020,208447085,,
ESTAT:TOUR_OCC_NINAT(1.0),30/01/26 23:00:00,Annual,Total,Number,"Hotels; holiday and other short-stay accommodation; camping grounds, recreational vehicle parks and trailer parks",Italy,2021,289178142,,
ESTAT:TOUR_OCC_NINAT(1.0),30/01/26 23:00:00,Annual,Total,Number,"Hotels; holiday and other short-stay accommodation; camping grounds, recreational vehicle parks and trailer parks",Italy,2022,412008532,,
ESTAT:TOUR_OCC_NINAT(1.0),30/01/26 23:00:00,Annual,Total,Number,"Hotels; holiday and other short-stay accommodation; camping grounds, recreational vehicle parks and trailer parks",Italy,2023,447170049,,
ESTAT:TOUR_OCC_NINAT(1.0),30/01/26 23:00:00,Annual,Total,Number,"Hotels; holiday and other short-stay accommodation; camping grounds, recreational vehicle parks and trailer parks",Italy,2024,466158045,,
ESTAT:TOUR_OCC_NINAT(1.0),30/01/26 23:00:00,Annual,Total,Number,Holiday and other short-stay accommodation,European Union - 27 countries (from 2020),2012,482894743,b,
ESTAT:TOUR_OCC_NINAT(1.0),30/01/26 23:00:00,Annual,Total,Number,Holiday and other short-stay accommodation,European Union - 27 countries (from 2020),2013,495333555,,
ESTAT:TOUR_OCC_NINAT(1.0),30/01/26 23:00:00,Annual,Total,Number,Holiday and other short-stay accommodation,European Union - 27 countries (from 2020),2014,513003561,,
ESTAT:TOUR_OCC_NINAT(1.0),30/01/26 23:00:00,Annual,Total,Number,Holiday and other short-stay accommodation,European Union - 27 countries (from 2020),2015,543997097,,
ESTAT:TOUR_OCC_NINAT(1.0),30/01/26 23:00:00,Annual,Total,Number,Holiday and other short-stay accommodation,European Union - 27 countries (from 2020),2016,569659093,,
ESTAT:TOUR_OCC_NINAT(1.0),30/01/26 23:00:00,Annual,Total,Number,Holiday and other short-stay accommodation,European Union - 27 countries (from 2020),2017,607992877,e,
ESTAT:TOUR_OCC_NINAT(1.0),30/01/26 23:00:00,Annual,Total,Number,Holiday and other short-stay accommodation,European Union - 27 countries (from 2020),2018,633738452,e,
ESTAT:TOUR_OCC_NINAT(1.0),30/01/26 23:00:00,Annual,Total,Number,Holiday and other short-stay accommodation,European Union - 27 countries (from 2020),2019,658050495,,
ESTAT:TOUR_OCC_NINAT(1.0),30/01/26 23:00:00,Annual,Total,Number,Holiday and other short-stay accommodation,European Union - 27 countries (from 2020),2020,371428822,,
ESTAT:TOUR_OCC_NINAT(1.0),30/01/26 23:00:00,Annual,Total,Number,Holiday and other short-stay accommodation,European Union - 27 countries (from 2020),2021,466520766,,
ESTAT:TOUR_OCC_NINAT(1.0),30/01/26 23:00:00,Annual,Total,Number,Holiday and other short-stay accommodation,European Union - 27 countries (from 2020),2022,658237068,,
ESTAT:TOUR_OCC_NINAT(1.0),30/01/26 23:00:00,Annual,Total,Number,Holiday and other short-stay accommodation,European Union - 27 countries (from 2020),2023,693731323,,
ESTAT:TOUR_OCC_NINAT(1.0),30/01/26 23:00:00,Annual,Total,Number,Holiday and other short-stay accommodation,European Union - 27 countries (from 2020),2024,715394700,,
ESTAT:TOUR_OCC_NINAT(1.0),30/01/26 23:00:00,Annual,Total,Number,Holiday and other short-stay accommodation,Italy,2012,68755439,b,
ESTAT:TOUR_OCC_NINAT(1.0),30/01/26 23:00:00,Annual,Total,Number,Holiday and other short-stay accommodation,Italy,2013,68889280,,
ESTAT:TOUR_OCC_NINAT(1.0),30/01/26 23:00:00,Annual,Total,Number,Holiday and other short-stay accommodation,Italy,2014,69928936,,
ESTAT:TOUR_OCC_NINAT(1.0),30/01/26 23:00:00,Annual,Total,Number,Holiday and other short-stay accommodation,Italy,2015,76238055,,
ESTAT:TOUR_OCC_NINAT(1.0),30/01/26 23:00:00,Annual,Total,Number,Holiday and other short-stay accommodation,Italy,2016,80972763,,
ESTAT:TOUR_OCC_NINAT(1.0),30/01/26 23:00:00,Annual,Total,Number,Holiday and other short-stay accommodation,Italy,2017,88694426,,
ESTAT:TOUR_OCC_NINAT(1.0),30/01/26 23:00:00,Annual,Total,Number,Holiday and other short-stay accommodation,Italy,2018,94751641,,
ESTAT:TOUR_OCC_NINAT(1.0),30/01/26 23:00:00,Annual,Total,Number,Holiday and other short-stay accommodation,Italy,2019,101202774,,
ESTAT:TOUR_OCC_NINAT(1.0),30/01/26 23:00:00,Annual,Total,Number,Holiday and other short-stay accommodation,Italy,2020,53963948,,
ESTAT:TOUR_OCC_NINAT(1.0),30/01/26 23:00:00,Annual,Total,Number,Holiday and other short-stay accommodation,Italy,2021,74087776,,
ESTAT:TOUR_OCC_NINAT(1.0),30/01/26 23:00:00,Annual,Total,Number,Holiday and other short-stay accommodation,Italy,2022,104293841,,
ESTAT:TOUR_OCC_NINAT(1.0),30/01/26 23:00:00,Annual,Total,Number,Holiday and other short-stay accommodation,Italy,2023,116663501,,
ESTAT:TOUR_OCC_NINAT(1.0),30/01/26 23:00:00,Annual,Total,Number,Holiday and other short-stay accommodation,Italy,2024,127610831,,
ESTAT:TOUR_OCC_NINAT(1.0),30/01/26 23:00:00,Annual,Total,Number,"Holiday and other short-stay accommodation; camping grounds, recreational vehicle parks and trailer parks",European Union - 27 countries (from 2020),2012,786847930,b,
ESTAT:TOUR_OCC_NINAT(1.0),30/01/26 23:00:00,Annual,Total,Number,"Holiday and other short-stay accommodation; camping grounds, recreational vehicle parks and trailer parks",European Union - 27 countries (from 2020),2013,803950634,,
ESTAT:TOUR_OCC_NINAT(1.0),30/01/26 23:00:00,Annual,Total,Number,"Holiday and other short-stay accommodation; camping grounds, recreational vehicle parks and trailer parks",European Union - 27 countries (from 2020),2014,825399486,,
ESTAT:TOUR_OCC_NINAT(1.0),30/01/26 23:00:00,Annual,Total,Number,"Holiday and other short-stay accommodation; camping grounds, recreational vehicle parks and trailer parks",European Union - 27 countries (from 2020),2015,865928065,,
ESTAT:TOUR_OCC_NINAT(1.0),30/01/26 23:00:00,Annual,Total,Number,"Holiday and other short-stay accommodation; camping grounds, recreational vehicle parks and trailer parks",European Union - 27 countries (from 2020),2016,897043823,,
ESTAT:TOUR_OCC_NINAT(1.0),30/01/26 23:00:00,Annual,Total,Number,"Holiday and other short-stay accommodation; camping grounds, recreational vehicle parks and trailer parks",European Union - 27 countries (from 2020),2017,953903048,e,
ESTAT:TOUR_OCC_NINAT(1.0),30/01/26 23:00:00,Annual,Total,Number,"Holiday and other short-stay accommodation; camping grounds, recreational vehicle parks and trailer parks",European Union - 27 countries (from 2020),2018,987340632,e,
ESTAT:TOUR_OCC_NINAT(1.0),30/01/26 23:00:00,Annual,Total,Number,"Holiday and other short-stay accommodation; camping grounds, recreational vehicle parks and trailer parks",European Union - 27 countries (from 2020),2019,1020091992,,
ESTAT:TOUR_OCC_NINAT(1.0),30/01/26 23:00:00,Annual,Total,Number,"Holiday and other short-stay accommodation; camping grounds, recreational vehicle parks and trailer parks",European Union - 27 countries (from 2020),2020,627082206,,
ESTAT:TOUR_OCC_NINAT(1.0),30/01/26 23:00:00,Annual,Total,Number,"Holiday and other short-stay accommodation; camping grounds, recreational vehicle parks and trailer parks",European Union - 27 countries (from 2020),2021,793809985,,
ESTAT:TOUR_OCC_NINAT(1.0),30/01/26 23:00:00,Annual,Total,Number,"Holiday and other short-stay accommodation; camping grounds, recreational vehicle parks and trailer parks",European Union - 27 countries (from 2020),2022,1052997704,,
ESTAT:TOUR_OCC_NINAT(1.0),30/01/26 23:00:00,Annual,Total,Number,"Holiday and other short-stay accommodation; camping grounds, recreational vehicle parks and trailer parks",European Union - 27 countries (from 2020),2023,1101058589,,
ESTAT:TOUR_OCC_NINAT(1.0),30/01/26 23:00:00,Annual,Total,Number,"Holiday and other short-stay accommodation; camping grounds, recreational vehicle parks and trailer parks",European Union - 27 countries (from 2020),2024,1124253189,,
ESTAT:TOUR_OCC_NINAT(1.0),30/01/26 23:00:00,Annual,Total,Number,"Holiday and other short-stay accommodation; camping grounds, recreational vehicle parks and trailer parks",Italy,2012,125101340,b,
ESTAT:TOUR_OCC_NINAT(1.0),30/01/26 23:00:00,Annual,Total,Number,"Holiday and other short-stay accommodation; camping grounds, recreational vehicle parks and trailer parks",Italy,2013,122026267,,
ESTAT:TOUR_OCC_NINAT(1.0),30/01/26 23:00:00,Annual,Total,Number,"Holiday and other short-stay accommodation; camping grounds, recreational vehicle parks and trailer parks",Italy,2014,122829371,,
ESTAT:TOUR_OCC_NINAT(1.0),30/01/26 23:00:00,Annual,Total,Number,"Holiday and other short-stay accommodation; camping grounds, recreational vehicle parks and trailer parks",Italy,2015,129864116,,
ESTAT:TOUR_OCC_NINAT(1.0),30/01/26 23:00:00,Annual,Total,Number,"Holiday and other short-stay accommodation; camping grounds, recreational vehicle parks and trailer parks",Italy,2016,135286900,,
ESTAT:TOUR_OCC_NINAT(1.0),30/01/26 23:00:00,Annual,Total,Number,"Holiday and other short-stay accommodation; camping grounds, recreational vehicle parks and trailer parks",Italy,2017,145495608,,
ESTAT:TOUR_OCC_NINAT(1.0),30/01/26 23:00:00,Annual,Total,Number,"Holiday and other short-stay accommodation; camping grounds, recreational vehicle parks and trailer parks",Italy,2018,149374701,,
ESTAT:TOUR_OCC_NINAT(1.0),30/01/26 23:00:00,Annual,Total,Number,"Holiday and other short-stay accommodation; camping grounds, recreational vehicle parks and trailer parks",Italy,2019,155801374,,
ESTAT:TOUR_OCC_NINAT(1.0),30/01/26 23:00:00,Annual,Total,Number,"Holiday and other short-stay accommodation; camping grounds, recreational vehicle parks and trailer parks",Italy,2020,85180941,,
ESTAT:TOUR_OCC_NINAT(1.0),30/01/26 23:00:00,Annual,Total,Number,"Holiday and other short-stay accommodation; camping grounds, recreational vehicle parks and trailer parks",Italy,2021,119641914,,
ESTAT:TOUR_OCC_NINAT(1.0),30/01/26 23:00:00,Annual,Total,Number,"Holiday and other short-stay accommodation; camping grounds, recreational vehicle parks and trailer parks",Italy,2022,159344692,,
ESTAT:TOUR_OCC_NINAT(1.0),30/01/26 23:00:00,Annual,Total,Number,"Holiday and other short-stay accommodation; camping grounds, recreational vehicle parks and trailer parks",Italy,2023,171809053,,
ESTAT:TOUR_OCC_NINAT(1.0),30/01/26 23:00:00,Annual,Total,Number,"Holiday and other short-stay accommodation; camping grounds, recreational vehicle parks and trailer parks",Italy,2024,182247328,,
ESTAT:TOUR_OCC_NINAT(1.0),30/01/26 23:00:00,Annual,Total,Number,"Camping grounds, recreational vehicle parks and trailer parks",European Union - 27 countries (from 2020),2012,303953187,b,
ESTAT:TOUR_OCC_NINAT(1.0),30/01/26 23:00:00,Annual,Total,Number,"Camping grounds, recreational vehicle parks and trailer parks",European Union - 27 countries (from 2020),2013,308617082,,
ESTAT:TOUR_OCC_NINAT(1.0),30/01/26 23:00:00,Annual,Total,Number,"Camping grounds, recreational vehicle parks and trailer parks",European Union - 27 countries (from 2020),2014,312395925,,
ESTAT:TOUR_OCC_NINAT(1.0),30/01/26 23:00:00,Annual,Total,Number,"Camping grounds, recreational vehicle parks and trailer parks",European Union - 27 countries (from 2020),2015,321930968,,
ESTAT:TOUR_OCC_NINAT(1.0),30/01/26 23:00:00,Annual,Total,Number,"Camping grounds, recreational vehicle parks and trailer parks",European Union - 27 countries (from 2020),2016,327384730,,
ESTAT:TOUR_OCC_NINAT(1.0),30/01/26 23:00:00,Annual,Total,Number,"Camping grounds, recreational vehicle parks and trailer parks",European Union - 27 countries (from 2020),2017,345910171,e,
ESTAT:TOUR_OCC_NINAT(1.0),30/01/26 23:00:00,Annual,Total,Number,"Camping grounds, recreational vehicle parks and trailer parks",European Union - 27 countries (from 2020),2018,353602180,e,
ESTAT:TOUR_OCC_NINAT(1.0),30/01/26 23:00:00,Annual,Total,Number,"Camping grounds, recreational vehicle parks and trailer parks",European Union - 27 countries (from 2020),2019,362041497,,
ESTAT:TOUR_OCC_NINAT(1.0),30/01/26 23:00:00,Annual,Total,Number,"Camping grounds, recreational vehicle parks and trailer parks",European Union - 27 countries (from 2020),2020,255653384,,
ESTAT:TOUR_OCC_NINAT(1.0),30/01/26 23:00:00,Annual,Total,Number,"Camping grounds, recreational vehicle parks and trailer parks",European Union - 27 countries (from 2020),2021,327289219,,
ESTAT:TOUR_OCC_NINAT(1.0),30/01/26 23:00:00,Annual,Total,Number,"Camping grounds, recreational vehicle parks and trailer parks",European Union - 27 countries (from 2020),2022,394760636,,
ESTAT:TOUR_OCC_NINAT(1.0),30/01/26 23:00:00,Annual,Total,Number,"Camping grounds, recreational vehicle parks and trailer parks",European Union - 27 countries (from 2020),2023,407327266,,
ESTAT:TOUR_OCC_NINAT(1.0),30/01/26 23:00:00,Annual,Total,Number,"Camping grounds, recreational vehicle parks and trailer parks",European Union - 27 countries (from 2020),2024,408858489,,
ESTAT:TOUR_OCC_NINAT(1.0),30/01/26 23:00:00,Annual,Total,Number,"Camping grounds, recreational vehicle parks and trailer parks",Italy,2012,56345901,b,
ESTAT:TOUR_OCC_NINAT(1.0),30/01/26 23:00:00,Annual,Total,Number,"Camping grounds, recreational vehicle parks and trailer parks",Italy,2013,53136987,,
ESTAT:TOUR_OCC_NINAT(1.0),30/01/26 23:00:00,Annual,Total,Number,"Camping grounds, recreational vehicle parks and trailer parks",Italy,2014,52900435,,
ESTAT:TOUR_OCC_NINAT(1.0),30/01/26 23:00:00,Annual,Total,Number,"Camping grounds, recreational vehicle parks and trailer parks",Italy,2015,53626061,,
ESTAT:TOUR_OCC_NINAT(1.0),30/01/26 23:00:00,Annual,Total,Number,"Camping grounds, recreational vehicle parks and trailer parks",Italy,2016,54314137,,
ESTAT:TOUR_OCC_NINAT(1.0),30/01/26 23:00:00,Annual,Total,Number,"Camping grounds, recreational vehicle parks and trailer parks",Italy,2017,56801182,,
ESTAT:TOUR_OCC_NINAT(1.0),30/01/26 23:00:00,Annual,Total,Number,"Camping grounds, recreational vehicle parks and trailer parks",Italy,2018,54623060,,
ESTAT:TOUR_OCC_NINAT(1.0),30/01/26 23:00:00,Annual,Total,Number,"Camping grounds, recreational vehicle parks and trailer parks",Italy,2019,54598600,,
ESTAT:TOUR_OCC_NINAT(1.0),30/01/26 23:00:00,Annual,Total,Number,"Camping grounds, recreational vehicle parks and trailer parks",Italy,2020,31216993,,
ESTAT:TOUR_OCC_NINAT(1.0),30/01/26 23:00:00,Annual,Total,Number,"Camping grounds, recreational vehicle parks and trailer parks",Italy,2021,45554138,,
ESTAT:TOUR_OCC_NINAT(1.0),30/01/26 23:00:00,Annual,Total,Number,"Camping grounds, recreational vehicle parks and trailer parks",Italy,2022,55050851,,
ESTAT:TOUR_OCC_NINAT(1.0),30/01/26 23:00:00,Annual,Total,Number,"Camping grounds, recreational vehicle parks and trailer parks",Italy,2023,55145552,,
ESTAT:TOUR_OCC_NINAT(1.0),30/01/26 23:00:00,Annual,Total,Number,"Camping grounds, recreational vehicle parks and trailer parks",Italy,2024,54636497,,
